ID,No.,Type,Rarity,Name,Level,Total Exp,Current Exp,Required Exp,Link,MOD,Max HP,HP,Damage,Accuracy,Evasion,Rate of Fire,Move Speed,Armor,Rounds,Crit.Damage,Skill1,Skill2,Equip1,Equip2,Equip3,Affection,Oathed,Oathed Datetime,Locked
40510,20005,HG,★★★★,M1895 Mod,115,10396986,313686,1886314,x5,Mod3,355,355,37,51,104,45,15,0,0,20,10,10,M1895 Suppressor,16Lab Hollow-Point,IOP T4 Exoskeleton,100,,,Locked
41320,20075,MG,★★★★★,M1918 Mod,115,11022506,0,0,x5,Mod3,800,800,115,40,40,115,4,0,8,5,10,10,Mk211 High-Explosive Armor-Piercing Ammo,CT 4X20,Titan Fire-Control Chip,200,Oathed,2020-07-08 00:47,Locked
41487,10,HG,★★,PPK,100,3263300,-,-,x5,,285,285,27,62,105,63,15,0,0,20,8,0,,,,100,,,Locked
42848,36,RF,★★★★,Springfield,100,3263300,-,-,x5,,420,420,135,76,42,32,7,0,0,40,10,0,,,,100,,,Locked
47291,27,SMG,★★★,Skorpion,100,3263300,-,-,x5,,795,795,27,15,92,95,12,0,0,5,10,0,,,,150,Oathed,2018-05-19 04:00,Locked
49285,70,AR,★★★,FF FNC,100,3263300,-,-,x5,,550,550,54,49,39,73,10,0,0,20,8,0,,,,100,,,Locked
55865,20,SMG,★★★★★,Vector,100,3263300,-,-,x5,,925,925,32,12,75,101,12,0,0,5,10,0,,,,100,,,Locked
85419,20055,AR,★★★★★,M4A1 Mod,120,30283300,-,-,x5,Mod3,565,565,58,58,58,80,10,0,0,20,10,10,PEQ-16A,APCR High-Velocity Ammo,Inherited Case,200,Oathed,2019-09-28 20:46,Locked
89652,114,HG,★★★★★,Welrod MkⅡ,100,3263300,-,-,x5,,400,400,30,75,95,52,15,0,0,40,10,0,,,,100,,,Locked
135604,20056,AR,★★★★★,M4 SOPMOD II Mod,120,30283300,-,-,x5,Mod3,565,565,60,59,53,79,10,0,0,30,10,10,PEQ-16A,VFL 6-24X56,APCR High-Velocity Ammo,200,Oathed,2020-11-13 22:51,Locked
180232,20037,RF,★★★★,M14 Mod,118,19733740,450440,4549560,x5,Mod3,430,430,128,86,33,44,7,0,0,40,10,10,Mk211 High-Explosive Armor-Piercing Ammo,M2 Bipod,Thermoptic Camouflage Cape,200,Oathed,2019-09-20 10:17,Locked
180823,20103,SMG,★★★★★,UMP45 Mod,118,20939678,1656378,3343622,x5,Mod3,975,454,34,17,89,83,12,0,0,5,10,10,UMP UX Exoskeleton,ILM Hollow-Point Ammo,PEQ-16A,200,Oathed,2020-04-02 09:55,Locked
182008,77,MG,★★★,M2HB,100,3263300,-,-,x5,,1075,1075,108,19,17,100,4,0,10,5,10,0,,,,100,,,Locked
244391,20057,AR,★★★★★,ST AR-15 Mod,120,30283300,-,-,x5,Mod3,540,540,58,64,60,78,10,0,0,20,10,10,VFL 6-24X56,PEQ-16A,.300BLK High-Velocity Ammo,200,Oathed,2018-09-17 04:00,Locked
250727,106,AR,★★★★★,FAL,100,3263300,-,-,x5,,660,660,60,46,40,72,10,0,0,20,10,0,,,,100,,,Locked
258656,20065,AR,★★★★★★,416 Mod,120,30283300,-,-,x5,Mod3,620,620,64,59,55,79,10,0,0,20,10,10,EOT XPS3,APCR High-Velocity Ammo,Tactical Headwear,200,Oathed,2020-10-15 16:58,Locked
297104,54,AR,★★★★,M16A1,100,3263300,-,-,x5,,605,605,50,49,47,75,10,0,0,20,8,0,,,,100,,,Locked
611962,20001,HG,★★★★★,SAA Mod,120,30283300,-,-,x5,Mod3,415,166,43,59,92,50,15,0,0,20,10,10,SAA Long Barrel,ILM Hollow-Point Ammo,IOP T4 Exoskeleton,200,Oathed,2020-11-18 17:01,Locked
619915,99,HG,★★★★,Gr Mk23,100,3263300,-,-,x5,,400,400,32,59,73,63,15,0,0,20,10,0,,,,150,Oathed,2020-03-10 06:24,Locked
709558,48,RF,★★★★★,WA2000,100,3263300,-,-,x5,,440,440,137,87,32,39,7,0,0,40,10,0,,,,100,,,Locked
761189,20007,HG,★★★★★,Stechkin Mod,116,14070336,1787036,1212964,x5,Mod3,425,340,36,59,79,66,15,0,0,20,10,10,Stechkin Buttstock,ILM Hollow-Point Ammo,Tactical Thunderbolt Ahoge,200,Oathed,2021-03-30 11:26,Locked
891987,20081,MG,★★★★,LWMMG Mod,116,14874234,2590934,409066,x5,Mod3,885,680,118,32,28,92,4,0,10,5,10,10,,,,200,Oathed,2021-03-30 11:59,Locked
1047172,20101,SMG,★★★★★,UMP9 Mod,115,10083300,0,2200000,x5,Mod3,900,900,31,18,88,87,12,0,0,5,10,10,IOP T4 Exoskeleton,ILM Hollow-Point Ammo,,100,,,Locked
1282549,22,SMG,★★★,PPS-43,100,3263300,-,-,x5,,880,880,35,14,69,74,12,0,0,5,9,0,,,,100,,,Locked
2298126,96,HG,★★★★★,Grizzly,100,3263300,-,-,x5,,430,430,40,54,70,54,15,0,0,20,10,0,,,,100,,,Locked
3017243,16,SMG,★★★★★,Thompson,100,3263300,-,-,x5,,1190,1190,33,13,59,82,12,0,0,5,10,0,,,,100,,,Locked
3018466,135,SMG,★★★★★,SR-3MP,100,3263300,-,-,x5,,970,970,33,13,71,90,12,0,0,5,10,0,,,,100,,,Locked
3020119,43,RF,★★★★,SVD,100,3263300,-,-,x5,,400,400,137,84,35,37,7,0,0,40,9,0,,,,100,,,Locked
3021523,118,AR,★★★★,9A-91,100,3263300,-,-,x5,,580,580,45,52,53,78,10,0,0,20,9,0,,,,100,,,Locked
3022182,129,AR,★★★★★,Type95,100,3263300,-,-,x5,,580,580,58,55,49,71,10,0,0,20,8,0,,,,100,,,Locked
3822042,142,HG,★★★★★,Five-seven,100,3263300,-,-,x5,,315,315,33,60,102,66,15,0,0,20,10,0,,,,100,,,Locked
6253857,20053,RF,★★★★★★,NTW-20 Mod,115,10293106,209806,1990194,x5,Mod3,475,475,195,94,35,32,7,0,0,40,10,10,20mm HEI,VFL 6-24X56,Thermoptic Camouflage Cape,200,Oathed,2020-12-17 12:49,Locked
10296752,155,SG,★★★★,M590,100,3263300,-,-,x5,,1320,1320,34,12,11,31,6,22,4,40,8,0,,,,100,,,Locked
10297033,161,SG,★★★★,Type97S,100,3263300,-,-,x5,,1320,1320,35,13,14,27,6,20,3,40,8,0,,,,100,,,Locked
12076101,80,MG,★★★,M1919A4,100,3263300,-,-,x5,,910,910,101,28,24,99,4,0,9,5,8,0,,,,100,,,Locked
12908399,85,MG,★★★★,PK,100,3263300,-,-,x5,,950,950,101,23,25,84,4,0,11,5,10,0,,,,100,,,Locked
13460817,122,AR,★★★★★,Gr G11,100,3263300,-,-,x5,,605,605,48,49,46,95,10,0,0,20,10,0,,,,150,Oathed,2018-07-17 04:00,Locked
13471872,109,MG,★★★★★,Gr MG5,100,3263300,-,-,x5,,990,990,90,29,29,120,4,0,11,5,10,0,,,,100,,,Locked
13607396,98,HG,★★★★,SPP-1,100,3263300,-,-,x5,,380,380,37,65,79,48,15,0,0,20,8,0,,,,100,,,Locked
13674325,119,AR,★★★★★,OTs-14,100,3263300,-,-,x5,,550,550,52,57,57,75,10,0,0,20,9,0,,,,100,,,Locked
18641285,20064,AR,★★★★★,Gr G36 Mod,116,13212128,928828,2071172,x5,Mod3,645,645,59,56,51,75,10,0,0,20,10,10,PEQ-16A,APCR High-Velocity Ammo,IOP X4 Exoskeleton,200,Oathed,2019-09-20 05:45,Locked
19081325,122,AR,★★★★★,Gr G11,100,3263300,-,-,x5,,605,605,46,47,44,95,10,0,0,20,10,0,,,,100,,,Locked
19084619,130,AR,★★★★★,Type97,100,3263300,-,-,x5,,580,580,57,54,49,72,10,0,0,20,10,0,,,,100,,,Locked
19086655,72,AR,★★★★,TAR-21,100,3263300,-,-,x5,,525,525,52,51,47,79,10,0,0,20,9,0,,,,100,,,Locked
19087585,62,AR,★★★★★,Gr G41,100,3263300,-,-,x5,,635,635,53,51,42,77,10,0,0,20,10,0,,,,100,,,Locked
19093695,103,SMG,★★★★,UMP45,100,3263300,-,-,x5,,925,925,30,14,78,82,12,0,0,5,8,0,,,,100,,,Locked
19096739,20103,SMG,★★★★★,UMP45 Mod,101,3424670,0,0,x5,Mod1,955,955,30,14,78,82,12,0,0,5,8,0,,,,100,,,Locked
19266519,20039,RF,★★★★★,Mosin-Nagant Mod,115,10662020,0,0,x5,Mod3,450,450,156,102,45,31,7,0,0,40,10,10,Mk211 High-Explosive Armor-Piercing Ammo,K6-24X56,Hayha Memory Chip,200,Oathed,2020-11-13 22:53,Locked
19616038,153,SG,★★★★,M37,100,3263300,-,-,x5,,1265,1265,35,13,13,26,6,22,4,40,8,0,,,,100,,,Locked
21011949,20091,HG,★★★★,MP-446 Mod,115,10083300,-,-,x5,Mod2,340,340,32,60,83,60,15,0,0,20,10,10,,,,100,,,Locked
21098707,99,HG,★★★★,Gr Mk23,100,3263300,-,-,x5,,400,400,31,56,70,63,15,0,0,20,10,0,,,,100,,,Locked
22310650,148,RF,★★★★★,IWS 2000,100,3263300,-,-,x5,,440,440,171,82,31,32,7,0,0,40,10,0,,,,100,,,Locked
22726852,14,HG,★★★,Astra,100,3263300,-,-,x5,,400,400,35,48,72,52,15,0,0,20,8,0,,,,100,,,Locked
23375669,143,SMG,★★★★★,RO635,100,3263300,-,-,x5,,970,970,30,16,79,97,12,0,0,5,10,0,,,,150,Oathed,2018-09-13 04:00,Locked
23705373,20097,HG,★★★★★★,M950A Mod,112,6418170,34870,865130,x5,Mod2,400,299,34,60,80,72,15,0,0,20,10,10,WML & Tactical Handguard,ILM Hollow-Point Ammo,IOP T4 Exoskeleton,100,,,Locked
24645151,175,AR,★★★★★,ART556,100,3263300,-,-,x5,,580,580,59,59,54,69,10,0,0,20,10,0,,,,150,Oathed,2018-09-13 04:00,Locked
25495988,104,SMG,★★★★★,Gr G36c,100,3263300,-,-,x5,,1015,1015,34,14,69,83,12,0,0,5,10,0,,,,100,,,Locked
26266059,109,MG,★★★★★,Gr MG5,100,3263300,-,-,x5,,990,990,90,29,29,120,4,0,11,5,8,0,,,,100,,,Locked
27492703,189,SG,★★★★,USAS-12,100,3263300,-,-,x5,,1300,1300,32,13,11,37,6,22,5,40,10,0,,,,150,Oathed,2018-10-18 01:55,Locked
28692499,132,HG,★★★,Type59,100,3263300,-,-,x5,,300,300,30,65,101,61,15,0,0,20,8,0,,,,100,,,Locked
29723680,173,MG,★★★★★,PKP,100,3263300,-,-,x5,,825,825,100,33,31,127,4,0,10,5,9,0,,,,100,,,Locked
29723683,173,MG,★★★★★,PKP,100,3263300,-,-,x5,,825,825,100,33,31,127,4,0,10,5,10,0,Mk211 High-Explosive Armor-Piercing Ammo,VFL 6-24X56,IOP Maximum Ammo Box,100,,,Locked
30463113,99,HG,★★★★,Gr Mk23,100,3263300,-,-,x5,,400,400,31,56,70,63,15,0,0,20,8,0,,,,100,,,Locked
31526444,171,AR,★★★★,Ribeyrolles,100,3263300,-,-,x5,,550,550,68,47,42,63,10,0,0,20,9,0,,,,100,,,Locked
31526743,171,AR,★★★★,Ribeyrolles,100,3263300,-,-,x5,,550,550,71,49,44,63,10,0,0,20,10,0,,,,150,Oathed,2018-11-13 20:47,Locked
31526986,196,AR,★★★★★,Zas M21,100,3263300,-,-,x5,,605,605,58,51,44,74,10,0,0,20,10,0,,,,100,,,Locked
31527913,196,AR,★★★★★,Zas M21,100,3263300,-,-,x1,,121,121,58,51,44,74,10,0,0,20,1,0,,,,100,,,Locked
31530968,183,HG,★★★★★,Contender,100,3263300,-,-,x5,,330,330,49,90,87,44,15,0,0,40,10,0,,,,100,,,Locked
31591989,168,HG,★★★★,Spitfire,100,3263300,-,-,x5,,350,350,35,63,75,59,15,0,0,20,8,0,,,,100,,,Locked
31623619,183,HG,★★★★★,Contender,100,3263300,-,-,x5,,330,330,49,90,87,44,15,0,0,40,9,0,AC4 Suppressor,Mk211 High-Explosive Armor-Piercing Ammo,IOP X4 Exoskeleton,100,,,Locked
32485821,1002,SG,★★★★★,Elphelt,100,3263300,-,-,x5,,1375,1375,38,14,10,28,6,23,5,40,10,0,,,,100,,,Locked
35163269,196,AR,★★★★★,Zas M21,100,3263300,-,-,x1,,121,121,58,51,44,74,10,0,0,20,1,0,,,,100,,,Locked
35163315,172,AR,★★★★★,Am RFB,100,3263300,-,-,x5,,525,525,73,72,52,54,10,0,0,30,10,0,,,,100,,,Locked
35181057,50,RF,★★★★★,Lee Enfield,100,3263300,-,-,x5,,400,400,142,82,42,36,7,0,0,40,10,0,Mk211 High-Explosive Armor-Piercing Ammo,No32 MKI,Thermoptic Camouflage Cape,100,,,Locked
37262868,3,HG,★★★,M9,100,3263300,-,-,x5,,380,380,31,59,70,61,15,0,0,20,8,0,,,,100,,,Locked
37706691,115,SMG,★★★★★,Suomi,100,3263300,-,-,x5,,1100,1100,30,16,59,93,12,0,0,5,10,0,,,,100,,,Locked
38648629,112,MG,★★★★★,Negev,100,3263300,-,-,x5,,870,870,89,37,38,139,4,0,9,5,10,0,,,,100,,,Locked
40684942,142,HG,★★★★★,Five-seven,100,3263300,-,-,x5,,315,315,33,60,102,66,15,0,0,20,10,0,,,,100,,,Locked
42137447,73,AR,★★★★★,AUG,100,3263300,-,-,x5,,605,605,58,60,49,75,10,0,0,30,10,0,,,,100,,,Locked
43471393,20097,HG,★★★★★★,M950A Mod,110,5263300,-,-,x5,Mod1,395,395,34,59,79,72,15,0,0,20,10,0,AC4 Suppressor,ILM Hollow-Point Ammo,IOP T4 Exoskeleton,100,,,Locked
44688260,257,RF,★★★★★,M200,100,3263300,-,-,x5,,440,440,160,106,35,34,7,0,0,40,10,0,,,,150,Oathed,2019-08-10 01:21,Locked
44766960,198,RF,★★★★★,Carcano M91/38,100,3263300,-,-,x5,,365,365,154,95,47,34,7,0,0,40,10,0,,,,100,,,Locked
44873714,197,RF,★★★★★,Carcano M1891,100,3263300,-,-,x5,,400,400,145,90,45,34,7,0,0,40,10,0,,,,100,,,Locked
44883967,198,RF,★★★★★,Carcano M91/38,100,3263300,-,-,x5,,365,365,154,95,47,34,7,0,0,40,10,0,,,,100,,,Locked
45081201,257,RF,★★★★★,M200,100,3263300,-,-,x5,,440,440,153,101,33,34,7,0,0,40,10,0,,,,100,,,Locked
48439186,20154,SG,★★★★,M500 Mod,120,30283300,-,-,x5,Mod3,1355,1301,38,14,13,30,6,22,4,40,10,10,Type 3 Armor Plate,SABOT Slug,VFL 6-24X56,200,Oathed,2021-07-13 13:05,Locked
49402797,20002,HG,★★★★,M1911 Mod,120,30283300,-,-,x5,Mod3,375,375,34,60,90,58,15,0,0,20,10,10,,,,200,Oathed,2019-09-20 05:44,Locked
49460543,18,SMG,★★★,Ingram,100,3263300,-,-,x5,,880,880,30,12,72,91,12,0,0,5,10,0,,,,100,,,Locked
51263547,213,SMG,★★★★★,C-MS,100,3263300,-,-,x5,,925,925,36,17,83,87,12,0,0,5,10,0,,,,150,Oathed,2019-04-20 10:39,Locked
51268077,212,HG,★★★★,K5,100,3263300,-,-,x5,,330,330,31,55,86,62,15,0,0,40,8,0,,,,100,,,Locked
51272725,212,HG,★★★★,K5,100,3263300,-,-,x5,,330,330,31,55,86,62,15,0,0,40,10,0,,,,100,,,Locked
54499324,188,SG,★★★★★,S.A.T.8,100,3263300,-,-,x5,,1410,1410,31,14,13,33,6,22,4,40,10,0,,,,100,,,Locked
55326010,179,RF,★★★★★,Gd DSR-50,100,3263300,-,-,x5,,410,410,172,92,35,31,7,0,0,40,8,0,,,,100,,,Locked
55400895,119,AR,★★★★★,OTs-14,100,3263300,-,-,x5,,550,550,52,57,57,75,10,0,0,20,10,0,,,,100,,,Locked
57001009,20060,AR,★★★★★,AS Val Mod,120,30283300,-,-,x5,Mod3,680,680,50,59,59,76,10,0,0,20,10,10,16Lab Infrared Designator,SP6 Subsonic Ammo,IOP X4 Exoskeleton,200,Oathed,2020-08-18 06:59,Locked
57345162,20051,RF,★★★★,FF FN49 Mod,115,10317029,0,0,x5,Mod3,475,475,137,73,38,34,7,0,0,40,10,10,Mk211 High-Explosive Armor-Piercing Ammo,Fire Selector,Thermoptic Camouflage Cape,200,Oathed,2020-12-28 22:31,Locked
58418768,198,RF,★★★★★,Carcano M91/38,100,3263300,-,-,x5,,365,365,154,95,47,34,7,0,0,40,10,0,,,,100,,,Locked
59272655,136,SMG,★★★★,PP-19,100,3263300,-,-,x5,,880,880,28,15,78,91,12,0,0,5,10,0,,,,100,,,Locked
59688859,194,AR,★★★★★,K2,100,3263300,-,-,x5,,635,635,53,54,45,78,10,0,0,20,10,0,,,,100,,,Locked
59971073,20032,SMG,★★★★,Micro Uzi Mod,116,13193700,910400,2089600,x5,Mod3,880,880,29,15,95,104,12,0,0,5,10,10,IOP T4 Exoskeleton,16Lab Hollow-Point,PEQ-16A,200,Oathed,2021-03-30 12:00,Locked
60265053,236,AR,★★★★★,K11,100,3263300,-,-,x5,,675,675,56,57,39,76,10,0,0,20,9,0,,,,100,,,Locked
61202151,146,RF,★★★★,Gr G28,100,3263300,-,-,x5,,440,440,125,84,31,39,7,0,0,40,9,0,,,,100,,,Locked
64782382,116,SMG,★★★,Z-62,100,3263300,-,-,x5,,840,840,30,16,81,77,12,0,0,5,8,0,,,,100,,,Locked
65086206,100,HG,★★★★,P7,100,3263300,-,-,x5,,315,315,34,66,88,61,15,0,0,20,8,0,,,,100,,,Locked
66388965,20221,HG,★★★★,GSh-18 Mod,110,5263300,0,0,x5,Mod2,365,365,36,55,93,57,15,0,0,20,8,8,AC4 Suppressor,16Lab Hollow-Point,IOP X4 Exoskeleton,100,,,Locked
69616482,1022,SG,★★★★★,Dana Zane,100,3263300,-,-,x5,,1345,1345,40,16,14,26,6,22,1,40,10,0,,,,100,,,Locked
69640548,1017,HG,★★★★★,Jill Stingray,100,3263300,-,-,x5,,400,377,32,56,101,55,15,0,0,20,10,0,Adelhyde,Bronson Extract,Powdered Delta,100,,,Locked
69726418,1018,HG,★★★★★,Sei Asagiri,100,3263300,-,-,x5,,425,409,32,62,81,53,15,0,0,20,10,0,AC4 Suppressor,ILM Hollow-Point Ammo,IOP T4 Exoskeleton,100,,,Locked
69728216,1020,RF,★★★★★,Stella Hoshii,100,3263300,-,-,x5,,450,450,123,89,38,35,7,0,0,40,9,0,,,,100,,,Locked
70422347,1019,SMG,★★★★★,Dorothy Haze,100,3263300,-,-,x5,,880,880,30,16,92,79,12,0,0,5,10,0,,,,100,,,Locked
70768850,1021,MG,★★★★★,Alma Armas,100,3263300,-,-,x5,,975,975,94,33,25,129,4,0,9,5,10,0,,,,100,,,Locked
71363504,127,SMG,★★★★★,Type79,100,3263300,-,-,x5,,970,970,34,13,74,88,12,0,0,5,10,0,,,,100,,,Locked
71474677,20026,SMG,★★★★★,Gr MP5 Mod,115,11131574,1048274,1151726,x5,Mod3,900,900,36,17,82,90,12,0,0,5,10,10,GSG UX Exoskeleton,ILM Hollow-Point Ammo,LED Weapon Light,200,Oathed,2020-11-22 04:14,Locked
72165210,128,RF,★★★★★,M99,100,3263300,-,-,x5,,440,440,165,86,34,32,7,0,0,40,8,0,,,,100,,,Locked
73463540,46,RF,★★★★★,Kar98k,100,3263300,-,-,x5,,420,420,142,82,44,34,7,0,0,40,10,0,Mk211 High-Explosive Armor-Piercing Ammo,PM 5-25X56,Thermoptic Camouflage Cape,100,,,Locked
74399359,233,HG,★★★★★,Px4 Storm,100,3263300,-,-,x5,,340,340,37,73,98,57,15,0,0,20,10,0,,,,100,,,Locked
74402382,228,SMG,★★★★★,100 Shiki,100,3263300,-,-,x5,,1060,1060,31,15,71,76,12,0,0,5,8,0,,,,100,,,Locked
74468793,245,SMG,★★★★★,P90,100,3263300,-,-,x5,,950,950,32,16,88,93,12,0,0,5,10,0,,,,100,,,Locked
75062686,238,MG,★★★★★,QJY-88,100,3263300,-,-,x5,,825,825,91,35,37,126,4,0,10,5,9,0,,,,100,,,Locked
75063475,233,HG,★★★★★,Px4 Storm,100,3263300,-,-,x5,,340,340,37,73,98,57,15,0,0,20,9,0,,,,100,,,Locked
77084477,20095,RF,★★★★,Type88 Mod,115,10851484,768184,1431816,x5,Mod3,520,520,135,79,44,37,7,0,0,40,10,10,,,,200,Oathed,2020-11-14 05:08,Locked
78364538,233,HG,★★★★★,Px4 Storm,100,3263300,-,-,x5,,340,340,37,73,98,57,15,0,0,20,10,0,,,,100,,,Locked
78364909,20001,HG,★★★★★,SAA Mod,115,10083300,-,-,x5,Mod2,410,410,39,53,83,50,15,0,0,20,10,9,,,,100,,,Locked
82005111,215,AR,★★★★★,MDR,100,3263300,-,-,x5,,595,595,59,53,44,76,10,0,0,20,9,0,,,,100,,,Locked
83321270,193,AR,★★★,T65,100,3263300,-,-,x5,,620,620,60,49,44,76,10,0,0,20,10,0,,,,150,Oathed,2019-10-25 04:22,Locked
83714384,162,SG,★★★★,SPAS-12,100,3263300,-,-,x5,,1375,1375,35,12,10,32,6,21,4,40,9,0,,,,100,,,Locked
88665057,205,AR,★★★★★,AN-94,100,3263300,-,-,x5,,580,580,58,71,51,76,10,0,0,20,10,0,PEQ-16A,APCR High-Velocity Ammo,IOP X4 Exoskeleton,100,,,Locked
88725141,28,SMG,★★★★★,Gr MP7,100,3263300,-,-,x5,,990,990,32,14,73,91,12,0,0,5,10,0,,,,100,,,Locked
88839150,208,MG,★★★★★,HMG21,100,3263300,-,-,x5,,845,845,97,31,35,135,4,0,10,5,9,0,,,,100,,,Locked
88968561,202,HG,★★★★,Thunder,100,3263300,-,-,x5,,430,430,49,60,63,37,15,0,0,40,10,0,,,,100,,,Locked
89853157,206,AR,★★★★★,AK-12,100,3263300,-,-,x5,,550,550,62,69,58,78,10,0,0,20,10,0,,,,150,Oathed,2019-11-23 03:12,Locked
89858888,205,AR,★★★★★,AN-94,100,3263300,-,-,x5,,580,547,58,71,51,76,10,0,0,20,10,0,VFL 6-24X56,16Lab High-Velocity Ammo,IOP X4 Exoskeleton,100,,,Locked
91901863,188,SG,★★★★★,S.A.T.8,100,3263300,-,-,x5,,1410,1410,31,14,13,33,6,22,4,40,10,0,Type 3 Armor Plate,SABOT Slug,VFL 6-24X56,100,,,Locked
94056297,156,SG,★★★★,Super-Shorty,100,3263300,-,-,x5,,1210,1096,30,15,20,30,6,20,3,40,8,0,,,,100,,,Locked
94061884,165,SG,★★★★,M1014,100,3263300,-,-,x5,,1375,1375,33,13,12,32,6,21,4,40,8,0,,,,100,,,Locked
97534588,20012,HG,★★★★,C96 Mod,110,5263300,0,0,x5,Mod2,420,420,33,54,73,63,15,0,0,20,8,8,,,,100,,,Locked
103756086,4,HG,★★★★★,Python,100,3263300,-,-,x5,,350,350,42,86,87,49,15,0,0,40,10,0,,,,100,,,Locked
103882603,4,HG,★★★★★,Python,100,3263300,-,-,x5,,350,350,42,86,87,49,15,0,0,40,10,0,,,,100,,,Locked
103907339,229,SG,★★★★★,M870,100,3263300,-,-,x5,,1320,1320,35,14,13,29,6,23,4,40,10,0,,,,100,,,Locked
107405940,198,RF,★★★★★,Carcano M91/38,100,3263300,-,-,x5,,365,365,154,95,47,34,7,0,0,40,10,0,,,,100,,,Locked
109397810,270,RF,★★★★,4 Shiki,100,3263300,-,-,x5,,420,420,118,78,39,39,7,0,0,40,9,0,,,,100,,,Locked
109397887,261,RF,★★★★★,QBU-88,100,3263300,-,-,x5,,420,420,133,92,44,42,7,0,0,40,10,0,Mk211 High-Explosive Armor-Piercing Ammo,VFL 6-24X56,16Lab Thermoptic Cape,100,,,Locked
109585573,20097,HG,★★★★★★,M950A Mod,116,13477308,1194008,1805992,x5,Mod3,400,400,37,66,88,72,15,0,0,20,10,10,PEQ-16A,ILM Hollow-Point Ammo,IOP T4 Exoskeleton,200,Oathed,2021-03-20 00:45,Locked
110484644,257,RF,★★★★★,M200,100,3263300,-,-,x5,,440,440,153,101,33,34,7,0,0,40,10,0,,,,100,,,Locked
110812127,20037,RF,★★★★,M14 Mod,113,7956714,0,0,x5,Mod2,425,425,116,77,30,44,7,0,0,40,9,8,,,,100,,,Locked
112477680,142,HG,★★★★★,Five-seven,100,3263300,-,-,x5,,315,315,33,60,102,66,15,0,0,20,10,0,AC4 Suppressor,16Lab Hollow-Point,IOP X4 Exoskeleton,100,,,Locked
113583238,157,SG,★★★★★,Am KSG,100,3263300,-,-,x5,,1265,1265,31,14,13,30,6,24,5,40,10,0,,,,100,,,Locked
114022228,234,SMG,★★★★★,JS 9,100,3263300,-,-,x5,,900,900,29,16,91,89,12,0,0,5,10,0,IOP T4 Exoskeleton,ILM Hollow-Point Ammo,AC4 Suppressor,100,,,Locked
115269273,1009,HG,★★★★★,El Clear,100,3263300,-,-,x5,,330,330,33,66,93,61,15,0,0,20,10,0,Glorylight,ILM Hollow-Point Ammo,IOP T4 Exoskeleton,100,,,Locked
117150554,197,RF,★★★★★,Carcano M1891,100,3263300,-,-,x5,,400,400,145,90,45,34,7,0,0,40,10,0,,,,100,,,Locked
118042733,163,SG,★★★★★,AA-12,100,3263300,-,-,x5,,1345,1345,32,13,12,39,6,22,5,40,10,0,,,,100,,,Locked
118042846,160,SG,★★★★★,Saiga-12,100,3263300,-,-,x5,,1320,1320,31,13,12,35,6,23,5,40,9,0,,,,100,,,Locked
118043080,164,SG,★★★★★,FP-6,100,3263300,-,-,x5,,1300,1300,33,14,13,28,6,24,4,40,10,0,,,,100,,,Locked
119303790,266,RF,★★★★★,R93,100,3263300,-,-,x5,,405,405,140,102,36,39,7,0,0,40,10,0,,,,100,,,Locked
125698576,250,HG,★★★★★,HS2000,100,3263300,-,-,x5,,360,360,35,65,92,62,15,0,0,20,10,0,,,,100,,,Locked
125840681,20252,RF,★★★★★,KSVK Mod,115,10310236,226936,1973064,x5,Mod3,450,370,189,99,36,32,7,0,0,40,10,10,,,,200,Oathed,2020-12-28 04:01,Locked
125862900,242,HG,★★★★★,P22,100,3263300,-,-,x5,,350,350,30,70,116,62,15,0,0,20,10,0,,,,100,,,Locked
126005254,242,HG,★★★★★,P22,100,3263300,-,-,x5,,350,350,30,70,116,62,15,0,0,20,10,0,,,,100,,,Locked
126025709,253,MG,★★★★★,Lewis,100,3263300,-,-,x5,,950,950,108,33,33,116,4,0,10,5,10,0,,,,100,,,Locked
126044038,242,HG,★★★★★,P22,100,3263300,-,-,x5,,350,329,30,70,116,62,15,0,0,20,10,0,,,,100,,,Locked
126057196,242,HG,★★★★★,P22,100,3263300,-,-,x5,,350,350,30,70,116,62,15,0,0,20,10,0,,,,100,,,Locked
127362357,250,HG,★★★★★,HS2000,100,3263300,-,-,x5,,360,360,35,65,92,62,15,0,0,20,10,0,,,,100,,,Locked
134176020,286,SMG,★★★★,K-PDW,100,3263300,-,-,x5,,900,900,35,15,75,81,12,0,0,5,8,0,,,,100,,,Locked
134176801,285,HG,★★★★★,C-93,100,3263300,-,-,x5,,315,315,35,66,103,64,15,0,0,20,10,0,,,,100,,,Locked
137296227,1027,AR,★★★★★,Angelica,100,3263300,-,-,x5,,605,605,58,60,49,75,10,0,0,30,10,0,VFL 6-24X56,APCR High-Velocity Ammo,Fairy Tale Picture Books,100,,,Locked
137522831,1024,RF,★★★★★,Rico,100,3263300,-,-,x5,,400,400,137,84,35,37,7,0,0,40,10,0,Mk211 High-Explosive Armor-Piercing Ammo,VFL 6-24X56,Duelling Cards,100,,,Locked
140759214,224,SMG,★★★★★,PM-06,100,3263300,-,-,x5,,950,950,31,16,79,83,12,0,0,5,10,0,,,,100,,,Locked
140760180,23,SMG,★★★★,PP-90,100,3263300,-,-,x5,,795,795,27,14,91,96,12,0,0,5,8,0,,,,100,,,Locked
140760220,20063,AR,★★★★,Gr G3 Mod,115,10083420,0,0,x5,Mod3,565,565,67,63,45,64,10,0,0,20,10,10,,,,200,Oathed,2020-11-22 04:13,Locked
140760228,16,SMG,★★★★★,Thompson,100,3263300,-,-,x5,,1190,1190,33,13,59,82,12,0,0,5,10,0,,,,100,,,Locked
140760333,137,SMG,★★★★,PP-19-01,100,3263300,-,-,x5,,970,970,29,14,72,85,12,0,0,5,8,0,,,,100,,,Locked
140991141,251,SMG,★★★★★,X95,100,3263300,-,-,x5,,970,887,36,14,71,90,12,0,0,5,10,0,IOP T4 Exoskeleton,ILM Hollow-Point Ammo,AC4 Suppressor,100,,,Locked
141124131,287,AR,★★★★★,SIG-556,100,3263300,-,-,x5,,605,605,54,49,48,76,10,0,0,20,8,0,,,,100,,,Locked
141163240,20252,RF,★★★★★,KSVK Mod,115,10468286,384986,1815014,x5,Mod3,450,450,189,99,36,32,7,0,0,40,10,10,12.7mm 1SL,VFL 6-24X56,Thermoptic Camouflage Cape,200,Oathed,2021-05-24 16:02,Locked
141430277,206,AR,★★★★★,AK-12,100,3263300,-,-,x5,,550,550,59,66,55,78,10,0,0,20,10,0,PEQ-16A,APCR High-Velocity Ammo,IOP X4 Exoskeleton,100,,,Locked
141489554,279,AR,★★★,INSAS,100,3263300,-,-,x5,,550,550,52,55,48,71,10,0,0,20,1,0,,,,100,,,Locked
141685767,203,SMG,★★★★,Honey Badger,100,3263300,-,-,x5,,990,990,35,14,63,82,12,0,0,5,10,0,,,,100,,,Locked
141801943,278,SG,★★★,Six12,100,3263300,-,-,x5,,1210,1142,36,14,14,30,6,20,4,40,5,0,,,,100,,,Locked
141821206,275,MG,★★★★,M1895 CB,100,3263300,-,-,x5,,950,950,95,28,25,131,4,0,10,5,10,0,,,,100,,,Locked
141822786,250,HG,★★★★★,HS2000,100,3263300,-,-,x5,,360,360,35,65,92,62,15,0,0,20,10,0,,,,100,,,Locked
141846436,272,HG,★★★★★,Desert Eagle,100,3263300,-,-,x5,,365,365,44,60,70,55,15,0,0,40,10,0,AC4 Suppressor,ILM Hollow-Point Ammo,IOP X4 Exoskeleton,100,,,Locked
141861674,250,HG,★★★★★,HS2000,100,3263300,-,-,x5,,360,360,35,65,92,62,15,0,0,20,10,0,AC4 Suppressor,ILM Hollow-Point Ammo,IOP X4 Exoskeleton,100,,,Locked
141877991,242,HG,★★★★★,P22,100,3263300,-,-,x5,,350,350,30,70,116,62,15,0,0,20,10,0,AC4 Suppressor,ILM Hollow-Point Ammo,IOP T4 Exoskeleton,100,,,Locked
141881230,251,SMG,★★★★★,X95,1,0,0,0,x1,,97,97,14,2,10,64,12,0,0,5,1,0,,,,50,,,
141881331,242,HG,★★★★★,P22,100,3263300,-,-,x5,,350,321,30,70,116,62,15,0,0,20,10,0,AC4 Suppressor,ILM Hollow-Point Ammo,IOP T4 Exoskeleton,100,,,Locked
141953739,276,MG,★★★★★,Kord,1,0,0,0,x1,,99,99,44,4,4,76,4,0,9,5,1,0,,,,100,,,Locked
141970929,276,MG,★★★★★,Kord,1,0,0,0,x1,,99,99,44,4,4,76,4,0,9,5,1,0,,,,100,,,Locked
142009460,276,MG,★★★★★,Kord,100,3263300,-,-,x5,,990,990,115,24,23,110,4,0,9,5,10,0,,,,100,,,Locked
142085570,273,RF,★★★★,SSG3000,100,3263300,-,-,x5,,440,440,133,81,32,37,7,0,0,40,8,0,,,,100,,,Locked
142085876,276,MG,★★★★★,Kord,100,3263300,-,-,x5,,990,990,120,25,24,110,4,0,9,5,10,0,Mk211 High-Explosive Armor-Piercing Ammo,VFL 6-24X56,IOP Maximum Ammo Box,150,Oathed,2021-05-17 20:50,Locked
142681914,20089,MG,★★★★,Bren Mod,115,10147506,0,0,x5,Mod3,885,885,111,40,34,103,4,0,8,5,10,8,,,,200,Oathed,2021-03-30 11:49,Locked
142817264,124,RF,★★★,Super SASS,100,3263300,-,-,x5,,440,440,121,69,29,39,7,0,0,40,10,0,,,,100,,,Locked
142821330,20094,SMG,★★★★,Type64 Mod,110,5263300,0,0,x5,Mod2,895,895,30,13,73,93,12,0,0,5,8,8,,,,100,,,Locked
143171034,274,AR,★★★★★,ACR,100,3263300,-,-,x5,,580,580,57,57,51,77,10,0,0,30,10,0,PEQ-16A,APCR High-Velocity Ammo,IOP X4 Exoskeleton,100,,,Locked
143753681,243,AR,★★★★★,64 Shiki,100,3263300,-,-,x5,,625,625,71,66,46,63,10,0,0,20,8,0,,,,100,,,Locked
143753683,122,AR,★★★★★,Gr G11,1,0,0,0,x1,,61,61,16,6,6,66,10,0,0,20,1,0,,,,55,,,Locked
143787341,283,SG,★★★★,Liberator,100,3263300,-,-,x5,,1155,1155,38,13,16,30,6,21,4,40,8,0,,,,100,,,Locked
143787364,117,RF,★★★★,Gr PSG-1,100,3263300,-,-,x5,,465,465,126,77,28,39,7,0,0,40,6,0,,,,100,,,Locked
143787389,20095,RF,★★★★,Type88 Mod,115,10399822,316522,1883478,x5,Mod3,520,520,135,79,44,37,7,0,0,40,10,10,Magnetic Accelerated Rounds,Acceleration Coil,Thermoptic Camouflage Cape,200,Oathed,2021-05-31 03:28,Locked
143787404,158,SG,★★★,KS-23,100,3263300,-,-,x5,,1375,1375,42,10,11,25,6,21,3,40,8,0,,,,100,,,Locked
143787406,281,SG,★★★★★,CAWS,100,3263300,-,-,x5,,1235,1235,32,13,14,35,6,23,5,40,8,0,,,,100,,,Locked
143787437,262,AR,★★★★,EM-2,100,3263300,-,-,x5,,595,595,60,51,51,61,10,0,0,20,10,0,,,,100,,,Locked
143787706,20065,AR,★★★★★★,416 Mod,120,30283300,-,-,x5,Mod3,620,620,58,54,50,79,10,0,0,20,10,10,EOT XPS3,APCR High-Velocity Ammo,Tactical Headwear,100,,,Locked
143866651,1001,HG,★★★★★,Noel,100,3263300,-,-,x5,,300,300,41,63,87,65,15,0,0,20,8,0,,,,100,,,Locked
143968516,274,AR,★★★★★,ACR,1,0,0,0,x1,,58,58,18,6,6,50,10,0,0,30,1,0,,,,50,,,
144411698,184,RF,★★★★,T-5000,100,3263300,-,-,x5,,450,450,133,90,30,36,7,0,0,40,8,0,,,,100,,,Locked
144665364,284,RF,★★★,Zas M76,100,3263300,-,-,x5,,420,420,116,82,37,37,7,0,0,40,1,0,,,,100,,,Locked
144898999,227,AR,★★★★,A-91,100,3263300,-,-,x5,,565,565,55,53,39,75,10,0,0,20,8,0,,,,100,,,Locked
145221897,20,SMG,★★★★★,Vector,100,3263300,-,-,x1,,185,185,32,12,75,101,12,0,0,5,10,0,,,,100,,,Locked
145383037,256,RF,★★★,Falcon,100,3263300,-,-,x5,,440,440,147,75,30,32,7,0,0,40,8,0,,,,100,,,Locked
145430798,20044,RF,★★★★,SV-98 Mod,115,10083300,0,0,x5,Mod3,430,430,134,84,31,37,7,0,0,40,10,10,Mk211 High-Explosive Armor-Piercing Ammo,VFL 6-24X56,Thermoptic Camouflage Cape,100,,,Locked
145749813,20,SMG,★★★★★,Vector,100,3263300,-,-,x1,,185,185,32,12,75,101,12,0,0,5,10,0,,,,100,,,Locked
145750063,216,AR,★★★★,XM8,100,3263300,-,-,x5,,540,540,51,49,45,79,10,0,0,20,8,0,,,,100,,,Locked
145750289,16,SMG,★★★★★,Thompson,100,3263300,-,-,x5,,1190,1190,33,13,59,82,12,0,0,5,10,0,,,,100,,,Locked
146197494,185,MG,★★★★,Ameli,100,3263300,-,-,x5,,705,705,88,40,45,149,4,0,8,5,8,0,,,,100,,,Locked
146642585,167,HG,★★★,Gr HK45,100,3263300,-,-,x5,,330,330,36,61,84,55,15,0,0,20,8,0,,,,100,,,Locked
147103981,231,RF,★★★★★,M82A1,100,3263300,-,-,x5,,440,440,166,81,32,34,7,0,0,40,10,0,Mk211 High-Explosive Armor-Piercing Ammo,VFL 6-24X56,Thermoptic Camouflage Cape,100,,,Locked
147251109,291,SMG,★★★,43M,100,3263300,-,-,x5,,925,925,32,14,59,89,12,0,0,5,1,0,,,,100,,,Locked
147682443,280,SMG,★★★★,MAT-49,100,3263300,-,-,x5,,925,925,31,15,77,80,12,0,0,5,4,0,,,,100,,,Locked
147682481,1023,SMG,★★★★★,Henrietta,100,3263300,-,-,x5,,950,950,32,16,88,93,12,0,0,5,9,0,,,,100,,,Locked
147972228,92,SMG,★★,Spectre M4,100,3263300,-,-,x5,,880,880,27,13,70,88,12,0,0,5,8,0,,,,100,,,Locked
147973301,9,HG,★★,P38,100,3263300,-,-,x5,,330,330,30,52,86,57,15,0,0,20,1,0,,,,100,,,Locked
148213246,126,HG,★★★★★,NZ75,100,3263300,-,-,x5,,365,365,35,66,78,63,15,0,0,20,8,0,,,,100,,,Locked
148350052,1028,SMG,★★★★★,Agent Vector,100,3263300,-,-,x5,,925,925,32,12,75,101,12,0,0,5,10,0,,,,100,,,Locked
148362208,119,AR,★★★★★,OTs-14,1,0,0,0,x1,,55,55,17,7,7,50,10,0,0,20,1,0,,,,50,,,
148550670,1029,AR,★★★★★,Agent 416,100,3263300,-,-,x5,,605,605,54,49,47,76,10,0,0,20,10,0,,,,100,,,Locked
149164250,214,AR,★★★★★,ADS,100,3263300,-,-,x5,,605,605,53,57,48,78,10,0,0,20,10,0,,,,100,,,Locked
150374562,152,SG,★★★,M1897,100,3263300,-,-,x5,,1265,1265,37,12,12,26,6,21,4,40,4,0,,,,100,,,Locked
150501733,299,SG,★★★,HSM10,100,3263300,-,-,x5,,1235,1235,36,14,13,27,6,21,4,40,2,0,,,,100,,,Locked
150821500,1025,SG,★★★★★,Triela,100,3263300,-,-,x5,,1265,1265,39,13,13,26,6,21,4,40,8,0,,,,100,,,Locked
150907667,20029,SMG,★★★★,STEN MkⅡ Mod,110,5263300,0,0,x5,Mod2,965,965,31,17,81,86,12,0,0,5,8,8,,,,100,,,Locked
151475669,298,AR,★★★,Vepr,100,3263300,-,-,x5,,550,550,51,52,50,71,10,0,0,20,1,0,,,,100,,,Locked
151504722,20061,AR,★★★★,StG44 Mod,110,5263300,0,0,x5,Mod2,645,645,60,52,39,65,10,0,0,20,8,8,,,,100,,,Locked
151703690,59,SMG,★★★★★,AK-74U,100,3263300,-,-,x5,,970,970,37,14,71,83,12,0,0,5,8,0,,,,100,,,Locked
152186405,166,HG,★★★★★,CZ75,100,3263300,-,-,x5,,330,330,36,66,78,66,15,0,0,20,8,0,,,,100,,,Locked
152527092,192,RF,★★★★★,JS05,100,3263300,-,-,x5,,450,450,166,93,34,31,7,0,0,40,1,0,,,,100,,,Locked
152564585,238,MG,★★★★★,QJY-88,1,0,0,0,x1,,83,83,29,4,4,83,4,0,10,5,1,0,,,,50,,,
152565153,307,MG,★★★★★,ZB-26,100,3263300,-,-,x5,,910,910,105,32,33,116,4,0,9,5,8,0,,,,100,,,Locked
152568027,172,AR,★★★★★,Am RFB,1,0,0,0,x1,,53,53,22,7,5,34,10,0,0,30,1,0,,,,50,,,Locked
152568332,288,AR,★★★★,CR-21,100,3263300,-,-,x5,,550,550,51,55,46,81,10,0,0,20,6,0,,,,100,,,Locked
152568627,194,AR,★★★★★,K2,1,0,0,0,x1,,64,64,20,8,7,54,10,0,0,20,1,0,,,,100,,,Locked
152569384,259,SMG,★★★★★,PM-9,100,3263300,-,-,x5,,880,880,30,14,90,102,12,0,0,5,10,0,,,,100,,,Locked
152571296,122,AR,★★★★★,Gr G11,1,0,0,0,x1,,61,61,16,6,6,66,10,0,0,20,1,0,,,,50,,,
152571685,306,AR,★★★★★,AK-Alfa,100,3263300,-,-,x5,,580,580,59,56,55,75,10,0,0,20,10,0,,,,100,,,Locked
152572402,235,RF,★★★★,SPR A3G,100,3263300,-,-,x5,,435,435,137,88,33,35,7,0,0,40,4,0,,,,100,,,Locked
152573247,305,RF,★★★★,Tabuk,100,3263300,-,-,x5,,420,420,121,86,38,39,7,0,0,40,8,0,,,,100,,,Locked
152573248,247,RF,★★★★,K31,100,3263300,-,-,x5,,390,390,133,82,39,39,7,0,0,40,4,0,,,,100,,,Locked
152682025,159,SG,★★★,RMB-93,100,3263300,-,-,x5,,1210,1210,32,12,14,28,6,22,4,40,8,0,,,,100,,,Locked
152747106,300,MG,★★★,CAR,100,3263300,-,-,x5,,825,825,98,34,31,112,4,0,8,5,1,0,,,,100,,,Locked
152825322,142,HG,★★★★★,Five-seven,1,0,0,0,x1,,32,32,11,7,12,44,15,0,0,20,1,0,,,,50,,,
153081939,125,MG,★★★★★,Gr MG4,100,3263300,-,-,x5,,910,910,89,36,36,139,4,0,9,5,8,0,,,,100,,,Locked
153281333,142,HG,★★★★★,Five-seven,1,0,0,0,x1,,32,32,11,7,12,44,15,0,0,20,1,0,,,,50,,,
153725612,211,RF,★★★★★,SRS,100,3263300,-,-,x5,,435,435,142,87,37,35,7,0,0,40,9,0,,,,100,,,Locked
153738696,20093,SMG,★★★★,IDW Mod,110,5263300,0,0,x5,Mod2,760,760,29,17,95,75,12,0,0,5,4,3,,,,100,,,Locked
153823698,142,HG,★★★★★,Five-seven,1,0,0,0,x1,,32,32,11,7,12,44,15,0,0,20,1,0,,,,50,,,
154338725,204,RF,★★★★★,Ballista,100,3263300,-,-,x5,,410,410,146,97,37,36,7,0,0,40,5,0,,,,100,,,Locked
154439445,245,SMG,★★★★★,P90,1,0,0,0,x1,,96,96,11,2,11,63,12,0,0,5,1,0,,,,50,,,
154774362,222,RF,★★★★★,TAC-50,100,3263300,-,-,x5,,435,435,163,88,33,32,7,0,0,40,8,0,,,,100,,,Locked
155154586,301,SMG,★★★,MAS-38,100,3263300,-,-,x5,,950,950,28,14,76,83,12,0,0,5,1,0,,,,100,,,Locked
155278414,149,MG,★★★★,AEK-999,100,3263300,-,-,x5,,825,825,94,31,30,120,4,0,10,5,4,0,,,,100,,,Locked
155378130,20,SMG,★★★★★,Vector,1,0,0,0,x1,,93,93,12,2,10,71,12,0,0,5,1,0,,,,50,,,
155484602,151,SG,★★★★★,M1887,100,3263300,-,-,x5,,1375,1375,41,13,13,22,6,22,4,40,8,0,,,,100,,,Locked
155627415,294,HG,★★★★★,Webley,100,3263300,-,-,x5,,430,198,31,70,86,57,15,0,0,20,10,0,AC4 Suppressor,ILM Hollow-Point Ammo,IOP T4 Exoskeleton,100,,,Locked
155645164,282,SG,★★★★★,DP-12,100,3263300,-,-,x5,,1265,1265,33,14,14,30,6,23,5,40,10,0,16Lab Armor Plate,SABOT Slug,16Lab 6-24X56,100,,,Locked
155747218,297,AR,★★★★,FI M82,100,3263300,-,-,x5,,565,565,54,48,49,75,10,0,0,20,9,0,,,,100,,,Locked
155813686,295,SMG,★★★★,CF-05,100,3263300,-,-,x5,,950,950,28,14,77,87,12,0,0,5,8,0,,,,100,,,Locked
156000754,296,RF,★★★★★,Gr SL8,100,3263300,-,-,x5,,425,425,126,82,41,41,7,0,0,40,10,0,Mk211 High-Explosive Armor-Piercing Ammo,VFL 6-24X56,Thermoptic Camouflage Cape,100,,,Locked
156072211,172,AR,★★★★★,Am RFB,1,0,0,0,x1,,53,53,22,7,5,34,10,0,0,30,1,0,,,,50,,,
156073851,196,AR,★★★★★,Zas M21,1,0,0,0,x1,,61,61,19,6,5,49,10,0,0,20,1,0,,,,50,,,
156073853,181,AR,★★★★★,T91,1,0,0,0,x1,,62,62,19,6,6,52,10,0,0,20,1,0,,,,50,,,
156077724,205,AR,★★★★★,AN-94,1,0,0,0,x1,,58,58,17,7,5,48,10,0,0,20,1,0,,,,50,,,
156077824,16,SMG,★★★★★,Thompson,1,0,0,0,x1,,119,119,12,2,8,57,12,0,0,5,1,0,,,,50,,,
156078855,171,AR,★★★★,Ribeyrolles,1,0,0,0,x1,,55,55,21,5,5,41,10,0,0,20,1,0,,,,50,,,
156186946,296,RF,★★★★★,Gr SL8,1,0,0,0,x1,,43,43,41,9,5,27,7,0,0,40,1,0,,,,50,,,
156456264,307,MG,★★★★★,ZB-26,1,0,0,0,x1,,91,91,34,4,4,76,4,0,9,5,1,0,,,,50,,,
156600643,296,RF,★★★★★,Gr SL8,1,0,0,0,x1,,43,43,41,9,5,27,7,0,0,40,1,0,,,,50,,,
156607863,260,HG,★★★★★,PA-15,100,3263300,-,-,x5,,350,350,37,69,80,64,15,0,0,20,10,0,AC4 Suppressor,ILM Hollow-Point Ammo,IOP T4 Exoskeleton,100,,,Locked
156651084,292,MG,★★★★★,RPK-16,100,3263300,-,-,x5,,825,825,90,39,38,129,4,0,10,5,10,0,Mk211 High-Explosive Armor-Piercing Ammo,VFL 6-24X56,IOP Maximum Ammo Box,100,,,Locked
156940621,293,AR,★★★★★,AK-15,100,3263300,-,-,x5,,550,550,61,55,54,77,10,0,0,20,10,0,,,,100,,,Locked
157146592,296,RF,★★★★★,Gr SL8,1,0,0,0,x1,,43,43,41,9,5,27,7,0,0,40,1,0,,,,50,,,
157546591,228,SMG,★★★★★,100 Shiki,1,0,0,0,x1,,106,106,11,2,9,52,12,0,0,5,1,0,,,,50,,,
157614473,263,MG,★★★★★,Gr MG36,100,3263300,-,-,x5,,910,910,90,36,38,129,4,0,10,5,2,0,,,,100,,,Locked
158076428,180,RF,★★★★,PzB39,100,3263300,-,-,x5,,420,420,156,75,33,32,7,0,0,40,4,0,,,,100,,,Locked
158134068,140,HG,★★★,PSM,100,3263300,-,-,x5,,285,285,26,71,118,65,15,0,0,20,1,0,,,,100,,,Locked
158289313,289,AR,★★★★★,R5,100,3263300,-,-,x5,,620,620,58,57,46,76,10,0,0,20,8,0,,,,100,,,Locked
158316917,275,MG,★★★★,M1895 CB,100,3263300,-,-,x5,,950,950,95,28,25,131,4,0,10,5,10,0,,,,100,,,Locked
158347246,309,HG,★★★,WKp,100,3263300,-,-,x5,,400,400,44,52,69,44,15,0,0,20,3,0,,,,100,,,Locked
158498511,96,HG,★★★★★,Grizzly,100,3263300,-,-,x5,,430,430,40,54,70,54,15,0,0,20,10,0,AC4 Suppressor,ILM Hollow-Point Ammo,IOP T4 Exoskeleton,100,,,Locked
158729451,269,HG,★★★★,Gr P30,100,3263300,-,-,x5,,350,350,34,66,90,55,15,0,0,20,8,0,,,,100,,,Locked
158891032,114,HG,★★★★★,Welrod MkⅡ,100,3263300,-,-,x5,,400,400,30,75,95,52,15,0,0,40,8,0,AC4 Suppressor,ILM Hollow-Point Ammo,IOP T4 Exoskeleton,100,,,Locked
158964741,99,HG,★★★★,Gr Mk23,1,0,0,0,x1,,40,40,11,7,9,44,15,0,0,20,1,0,,,,50,,,
159262905,264,MG,★★★★,Chauchat,100,3263300,-,-,x5,,870,870,108,36,32,81,4,0,9,5,1,0,,,,100,,,Locked
159552162,285,HG,★★★★★,C-93,1,0,0,0,x1,,32,32,12,8,12,43,15,0,0,20,1,0,,,,50,,,
159816563,200,RF,★★★★,XM3,100,3263300,-,-,x5,,410,410,137,95,34,35,7,0,0,40,10,0,,,,100,,,Locked
160079422,20026,SMG,★★★★★,Gr MP5 Mod,115,10299276,215976,1984024,x5,Mod3,900,900,36,17,82,90,12,0,0,5,10,10,GSG UX Exoskeleton,ILM Hollow-Point Ammo,LED Weapon Light,200,Oathed,2021-06-29 22:43,Locked
160606748,190,SG,★★★,NS2000,100,3263300,-,-,x5,,1265,1117,35,13,12,27,6,20,5,40,3,0,,,,100,,,Locked
160684620,290,AR,★★★★★,89 Shiki,100,3263300,-,-,x5,,605,605,57,51,48,79,10,0,0,20,10,0,PEQ-16A,APCR High-Velocity Ammo,IOP X4 Exoskeleton,100,,,Locked
160684700,304,SMG,★★★★,SAF,100,3263300,-,-,x5,,900,900,27,15,73,99,12,0,0,5,10,0,,,,100,,,Locked
160685056,97,HG,★★★★★,M950A,1,0,0,0,x1,,38,38,11,7,9,49,15,0,0,20,1,0,,,,50,,,
160685057,303,HG,★★★★★,HP-35,100,3263300,-,-,x5,,380,380,33,68,94,58,15,0,0,20,10,0,,,,100,,,Locked
160685590,303,HG,★★★★★,HP-35,100,3263300,-,-,x5,,380,380,33,68,94,58,15,0,0,20,10,0,AC4 Suppressor,ILM Hollow-Point Ammo,IOP X4 Exoskeleton,100,,,Locked
160952641,314,AR,★★★,StG-940,100,3263300,-,-,x5,,550,550,53,52,47,69,10,0,0,20,1,0,,,,100,,,Locked
160952693,127,SMG,★★★★★,Type79,1,0,0,0,x1,,97,97,13,2,10,63,12,0,0,5,1,0,,,,50,,,
161167458,69,AR,★★★★,Fr FAMAS,100,3263300,-,-,x5,,605,605,47,51,42,81,10,0,0,20,1,0,,,,100,,,Locked
161285719,311,SMG,★★★★★,Lusa,100,3263300,-,-,x5,,1025,1025,31,14,73,94,12,0,0,5,10,0,,,,100,,,Locked
161682284,199,MG,★★★★,Type80,100,3263300,-,-,x5,,870,870,98,28,26,118,4,0,10,5,4,0,,,,100,,,Locked
161737817,233,HG,★★★★★,Px4 Storm,1,0,0,0,x1,,34,34,12,8,11,37,15,0,0,20,1,0,,,,50,,,
161801841,20031,SMG,★★★★,M38 Mod,110,5263300,0,0,x5,Mod2,1070,1070,35,13,62,78,12,0,0,5,8,6,,,,100,,,Locked
161809584,303,HG,★★★★★,HP-35,1,0,0,0,x1,,38,38,11,8,11,38,15,0,0,20,1,0,,,,50,,,
162019757,4,HG,★★★★★,Python,100,3263300,-,-,x5,,350,350,42,86,87,49,15,0,0,40,10,0,,,,100,,,Locked
162020132,4,HG,★★★★★,Python,100,3263300,-,-,x5,,350,350,42,86,87,49,15,0,0,40,10,0,AC4 Suppressor,ILM Hollow-Point Ammo,IOP T4 Exoskeleton,100,,,Locked
162147001,226,RF,★★★★,Mk 12,100,3263300,-,-,x5,,405,405,107,87,34,46,7,0,0,40,5,0,,,,100,,,Locked
162285015,150,SMG,★★★★,Shipka,100,3263300,-,-,x5,,840,840,26,15,83,95,12,0,0,5,1,0,,,,100,,,Locked
162509875,248,HG,★★★★,Jericho,100,3263300,-,-,x5,,380,380,33,53,68,60,15,0,0,20,1,0,,,,100,,,Locked
162510041,1026,MG,★★★★★,Claes,100,3263300,-,-,x5,,785,785,83,37,38,139,4,0,8,5,1,0,,,,100,,,Locked
162554712,7,HG,★★★★,Stechkin,100,3263300,-,-,x5,,415,415,30,47,70,65,15,0,0,20,10,0,,,,100,,,Locked
163025072,320,RF,★★★,GM6 Lynx,100,3263300,-,-,x5,,420,420,142,79,32,33,7,0,0,40,4,0,,,,100,,,Locked
163025196,254,MG,★★★★,UKM-2000,100,3263300,-,-,x5,,845,845,95,28,28,115,4,0,11,5,8,0,,,,100,,,Locked
163193845,212,HG,★★★★,K5,1,0,0,0,x1,,33,33,11,7,11,43,15,0,0,40,1,0,,,,50,,,
163427735,1010,HG,★★★★★,El Fail,100,3263300,-,-,x5,,330,330,33,66,93,61,15,0,0,20,8,0,,,,100,,,Locked
163703227,183,HG,★★★★★,Contender,1,0,0,0,x1,,33,33,14,9,9,27,15,0,0,40,1,0,,,,50,,,
163750688,102,SMG,★★★★,UMP40,100,3263300,-,-,x5,,900,900,29,15,79,85,12,0,0,5,4,0,,,,100,,,Locked
163808057,1009,HG,★★★★★,El Clear,100,3263300,-,-,x5,,330,330,33,66,93,61,15,0,0,20,2,0,,,,100,,,Locked
163811707,135,SMG,★★★★★,SR-3MP,1,0,0,0,x1,,97,97,13,2,10,65,12,0,0,5,1,0,,,,50,,,
164031300,213,SMG,★★★★★,C-MS,1,0,0,0,x1,,93,93,12,2,10,60,12,0,0,5,1,0,,,,50,,,
164266303,225,SMG,★★★★,Cx4 Storm,100,3263300,-,-,x5,,900,900,36,17,78,64,12,0,0,5,8,0,,,,100,,,Locked
164472072,1010,HG,★★★★★,El Fail,1,0,0,0,x1,,33,33,10,7,10,39,15,0,0,20,1,0,,,,50,,,
164623153,78,MG,★★★★,M60,100,3263300,-,-,x5,,910,910,97,28,28,111,4,0,9,5,1,0,,,,100,,,Locked
164821030,121,MG,★★★★,Mk48,100,3263300,-,-,x5,,870,870,95,27,28,112,4,0,10,5,2,0,,,,100,,,Locked
165016922,321,SG,★★★,TS12,100,3263300,-,-,x5,,1210,1075,36,14,12,30,6,21,3,40,1,0,,,,100,,,Locked
165044141,97,HG,★★★★★,M950A,1,0,0,0,x1,,38,38,11,7,9,49,15,0,0,20,1,0,,,,50,,,
165164684,6,HG,★★★,Tokarev,100,3263300,-,-,x5,,430,430,33,50,70,52,15,0,0,20,1,0,,,,100,,,Locked
165261252,177,SMG,★★★★,KLIN,100,3263300,-,-,x5,,950,950,27,12,78,95,12,0,0,5,1,0,,,,100,,,Locked
165337828,96,HG,★★★★★,Grizzly,1,0,0,0,x1,,43,43,13,6,8,36,15,0,0,20,1,0,,,,50,,,
165636165,240,MG,★★★★,Mk46,100,3263300,-,-,x5,,810,810,82,36,38,142,4,0,9,5,1,0,,,,100,,,Locked
165900194,8,HG,★★★,Makarov,100,3263300,-,-,x5,,315,315,28,65,101,61,15,0,0,20,1,0,,,,100,,,Locked
165990639,244,HG,★★★,TEC-9,100,3263300,-,-,x5,,415,415,30,49,67,63,15,0,0,20,1,0,,,,100,,,Locked
166008113,61,AR,★★★,StG44,100,3263300,-,-,x5,,635,635,56,49,38,61,10,0,0,20,1,0,,,,100,,,Locked
166125879,12,HG,★★★,C96,100,3263300,-,-,x5,,415,415,31,44,65,62,15,0,0,20,1,0,,,,100,,,Locked
166125929,58,AR,★★★,AK-47,100,3263300,-,-,x5,,660,660,56,37,36,65,10,0,0,20,1,0,,,,100,,,Locked
166165750,114,HG,★★★★★,Welrod MkⅡ,1,0,0,0,x1,,40,40,9,8,10,33,15,0,0,40,1,0,,,,50,,,
166345016,42,RF,★★★★,PTRD,100,3263300,-,-,x5,,465,465,167,79,31,28,7,0,0,40,1,0,,,,100,,,Locked
166537403,90,HG,★★,FF FNP9,1,0,0,0,x1,,30,30,12,8,12,42,15,0,0,20,1,0,,,,100,,,Locked
166544318,323,SG,★★★★★,LTLX7000,1,0,0,0,x1,,138,138,9,2,2,20,6,3,5,40,1,0,,,,50,,,Locked
166544319,198,RF,★★★★★,Carcano M91/38,100,3263300,-,-,x5,,365,365,154,95,47,34,7,0,0,40,10,0,Mk211 High-Explosive Armor-Piercing Ammo,VFL 6-24X56,Thermoptic Camouflage Cape,100,,,Locked
166544392,324,SG,★★★★★,M6 ASW,100,3263300,-,-,x5,,1300,1300,41,16,15,28,6,22,4,40,10,0,,,,100,,,Locked
166544449,324,SG,★★★★★,M6 ASW,1,0,0,0,x1,,130,130,14,2,2,19,6,3,4,40,1,0,,,,50,,,
166544514,216,AR,★★★★,XM8,1,0,0,0,x1,,54,54,18,6,6,54,10,0,0,20,1,0,,,,50,,,
166544527,145,RF,★★★,OTs-44,100,3263300,-,-,x5,,400,400,165,71,34,32,7,0,0,40,1,0,,,,100,,,Locked
166544528,326,SG,★★★★,512,100,3263300,-,-,x5,,1280,1280,39,16,14,31,6,20,3,40,5,0,,,,100,,,Locked
166544602,323,SG,★★★★★,LTLX7000,1,0,0,0,x1,,138,138,10,3,3,20,6,3,5,40,1,0,,,,100,,,Locked
166544614,325,SG,★★★★,PM5,100,3263300,-,-,x5,,1190,1190,36,13,16,29,6,20,5,40,4,0,,,,100,,,Locked
166544616,323,SG,★★★★★,LTLX7000,100,3263300,-,-,x5,,1375,1375,25,15,12,28,6,25,5,40,10,0,,,,100,,,Locked
166544812,340,AR,★★★★★,TKB-408,100,3263300,-,-,x5,,580,580,58,54,51,72,10,0,0,20,10,0,,,,100,,,Locked
166741244,322,HG,★★★,QSB-91,100,3263300,-,-,x5,,350,350,38,61,76,53,15,0,0,20,1,0,,,,100,,,Locked
166791041,15,HG,★★★,G17,100,3263300,-,-,x5,,315,315,31,61,92,61,15,0,0,20,1,0,,,,100,,,Locked
166827452,86,MG,★★★,MG42,100,3263300,-,-,x5,,825,825,97,25,28,132,4,0,10,5,1,0,,,,100,,,Locked
166879786,13,HG,★★★,Type92,100,3263300,-,-,x5,,315,315,33,49,84,61,15,0,0,20,1,0,,,,100,,,Locked
166879788,260,HG,★★★★★,PA-15,1,0,0,0,x1,,35,35,12,8,9,42,15,0,0,20,1,0,,,,50,,,
167130412,66,AR,★★★★,Type56-1,1,0,0,0,x1,,69,69,21,6,6,48,10,0,0,20,1,0,,,,100,,,Locked
167332404,233,HG,★★★★★,Px4 Storm,1,0,0,0,x1,,34,34,12,8,11,37,15,0,0,20,1,0,,,,50,,,
167601187,88,MG,★★★★,MG3,100,3263300,-,-,x5,,990,990,90,28,23,130,4,0,10,5,1,0,,,,100,,,Locked
167656816,225,SMG,★★★★,Cx4 Storm,1,0,0,0,x1,,90,90,13,2,10,44,12,0,0,5,1,0,,,,50,,,
167682563,79,MG,★★★,FF M249SAW,59,409800,20500,2800,x3,,375,375,60,24,25,119,4,0,8,5,1,0,,,,100,,,Locked
167957017,11,HG,★★★,P08,100,3263300,-,-,x5,,350,350,33,49,84,55,15,0,0,20,1,0,,,,100,,,Locked
167975015,34,RF,★★★,M1 Garand,5,1410,410,90,x1,,46,46,53,13,6,27,7,0,0,40,1,0,,,,100,,,Locked
167991005,241,RF,★★★,RT-20,100,3263300,-,-,x5,,450,450,166,82,30,27,7,0,0,40,1,0,,,,100,,,Locked
168113244,207,AR,★★★★,CZ2000,100,3263300,-,-,x5,,550,550,51,47,49,78,10,0,0,20,1,0,,,,100,,,Locked
168315365,337,RF,★★★★★,De Lisle,100,3263300,-,-,x5,,510,510,115,92,40,37,7,0,0,40,10,0,,,,100,,,Locked
168317813,198,RF,★★★★★,Carcano M91/38,1,0,0,0,x1,,37,37,47,10,5,22,7,0,0,40,1,0,,,,50,,,
168318296,337,RF,★★★★★,De Lisle,1,0,0,0,x1,,51,51,37,10,5,24,7,0,0,40,1,0,,,,50,,,
168517164,237,AR,★★★★,SAR-21,1,0,0,0,x1,,58,58,18,7,6,57,10,0,0,20,1,0,,,,50,,,
168562208,187,AR,★★★★,Ak 5,100,3263300,-,-,x5,,580,580,54,51,40,75,10,0,0,20,1,0,,,,100,,,Locked
168667523,329,RF,★★★★★,SVCh,100,3263300,-,-,x5,,435,435,152,102,32,35,7,0,0,40,10,0,,,,100,,,Locked
168734170,327,SMG,★★★,SUB-2000,100,3263300,-,-,x5,,970,970,28,14,70,84,12,0,0,5,1,0,,,,97,,,Locked
169077460,277,HG,★★★,Gr VP70,64,517416,1516,26984,x3,,162,162,24,37,51,53,15,0,0,20,1,0,,,,70,,,Locked
169207864,96,HG,★★★★★,Grizzly,1,0,0,0,x1,,43,43,13,6,8,36,15,0,0,20,1,0,,,,50,,,
169334900,71,AR,★★,Galil,70,718984,14584,30516,x4,,356,356,42,35,33,59,10,0,0,20,1,0,,,,99,,,Locked
169417190,210,HG,★★★,CZ52,1,0,0,0,x1,,38,38,12,7,9,36,15,0,0,20,1,0,,,,50,,,Locked
169505865,105,AR,★★★,OTs-12,1,0,0,0,x1,,53,53,15,7,7,48,10,0,0,20,1,0,,,,50,,,Locked
169546572,1,HG,★★★★,SAA,1,0,0,0,x1,,40,40,12,6,9,31,15,0,0,20,1,0,,,,50,,,
169555922,111,MG,★★,AAT-52,1,0,0,0,x1,,91,91,34,4,4,87,4,0,10,5,1,0,,,,50,,,
169555936,24,SMG,★★,PP-2000,1,0,0,0,x1,,80,80,12,2,11,57,12,0,0,5,1,0,,,,50,,,
169555956,71,AR,★★,Galil,1,0,0,0,x1,,53,53,17,5,5,43,10,0,0,20,1,0,,,,50,,,
169555967,92,SMG,★★,Spectre M4,1,0,0,0,x1,,88,88,10,2,10,63,12,0,0,5,1,0,,,,50,,,
169555971,94,SMG,★★,Type64,1,0,0,0,x1,,88,88,11,2,9,65,12,0,0,5,1,0,,,,50,,,
169555995,87,MG,★★,MG34,1,0,0,0,x1,,83,83,32,3,4,83,4,0,10,5,1,0,,,,50,,,
169556006,90,HG,★★,FF FNP9,1,0,0,0,x1,,30,30,11,7,11,42,15,0,0,20,1,0,,,,50,,,
169556032,2,HG,★★,M1911,1,0,0,0,x1,,37,37,10,6,9,38,15,0,0,20,1,0,,,,50,,,
169556040,81,MG,★★,LWMMG,1,0,0,0,x1,,87,87,39,4,4,65,4,0,9,5,1,0,,,,50,,,
169556213,105,AR,★★★,OTs-12,1,0,0,0,x1,,53,53,15,7,7,48,10,0,0,20,1,0,,,,50,,,
169556231,40,RF,★★,SVT-38,1,0,0,0,x1,,42,42,43,8,5,24,7,0,0,40,1,0,,,,50,,,
169556253,94,SMG,★★,Type64,1,0,0,0,x1,,88,88,11,2,9,65,12,0,0,5,1,0,,,,50,,,
169556268,133,AR,★★,Type63,1,0,0,0,x1,,50,50,19,5,5,50,10,0,0,20,1,0,,,,50,,,
169559498,91,HG,★★,MP-446,1,0,0,0,x1,,33,33,11,7,9,40,15,0,0,20,1,0,,,,50,,,
169559525,89,MG,★★★,Bren,1,0,0,0,x1,,87,87,32,4,4,69,4,0,8,5,1,0,,,,50,,,
169559540,110,MG,★★,FG42,1,0,0,0,x1,,75,75,32,4,5,83,4,0,8,5,1,0,,,,50,,,
169559567,11,HG,★★★,P08,1,0,0,0,x1,,35,35,11,6,9,36,15,0,0,20,1,0,,,,50,,,
169559728,33,SMG,★★,m45,1,0,0,0,x1,,93,93,12,2,9,52,12,0,0,5,1,0,,,,50,,,
169561614,81,MG,★★,LWMMG,1,0,0,0,x1,,87,87,39,4,4,65,4,0,9,5,1,0,,,,50,,,
169561624,40,RF,★★,SVT-38,1,0,0,0,x1,,42,42,43,8,5,24,7,0,0,40,1,0,,,,50,,,
169561742,25,SMG,★★,MP40,1,0,0,0,x1,,93,93,11,2,8,52,12,0,0,5,1,0,,,,50,,,
169561773,47,RF,★★,G43,1,0,0,0,x1,,40,40,41,8,4,27,7,0,0,40,1,0,,,,50,,,
169561825,33,SMG,★★,m45,1,0,0,0,x1,,93,93,12,2,9,52,12,0,0,5,1,0,,,,50,,,
